{
    "Manager":{
        "Rewards":[
            {"model":"MyReward01-1","target":"All"},
            {"model":"MyRewardSample01","target":"All"},
            {"model":"MyReward02","target":"All"},
            {"model":"MyWinLoseReward","target":"All"}
        ],
        "AgentConfigDispatcher":{
            "Initial_e":{"type":"Internal","model":"R7RandomInitial"},
            "Learner_e":{"type":"External","model":"MyAgentSample01S","policy":"Learner"},
            "Expert_e":{"type":"ExpertBI","imitatorModel":"MyAgentSample01S","expertModel":"R7RandomInitial","identifier":"Traj"},
            "Learner":{"type":"broadcast","number":4,
                "element":{"type":"alias","alias":"Learner_e"}
            },
            "Initial":{"type":"broadcast","number":4,
                "element":{"type":"alias","alias":"Initial_e"}
            },
            "Expert":{"type":"broadcast","number":4,
                "element":{"type":"alias","alias":"Expert_e"}
            },
            "BlueAgents":{
                "type":"alias","alias":"Learner",
                "overrider":[
                    {"type":"group","order":"fixed","elements":[
                        {"type":"direct","value":{"name":"Blue1"}},
                        {"type":"direct","value":{"name":"Blue2"}},
                        {"type":"direct","value":{"name":"Blue3"}},
                        {"type":"direct","value":{"name":"Blue4"}}
                    ]}
                ]
            },
            "RedAgents":{
                "type":"alias","alias":"Initial",
                "overrider":[
                    {"type":"group","order":"fixed","elements":[
                        {"type":"direct","value":{"name":"Red1"}},
                        {"type":"direct","value":{"name":"Red2"}},
                        {"type":"direct","value":{"name":"Red3"}},
                        {"type":"direct","value":{"name":"Red4"}}
                    ]}
                ]
            }
        }
    }
}
