{
    "Manager":{
        "Rewards":[
            {"model":"MyReward01-1","target":"All"},
            {"model":"MyRewardSample01","target":"All"},
            {"model":"MyReward02","target":"All"},
            {"model":"MyWinLoseReward","target":"All"}
        ],
        "AgentConfigDispatcher":{
            "Initial_e":{"type":"Internal","model":"R7RandomInitial"},
            "Learner_e":{"type":"External","model":"Fst_relpos3","policy":"Learner"},
            "Learner_e1":{"type":"External","model":"MyAgentSample01S","policy":"E1Learner"},
            "Learner_e2":{"type":"External","model":"MyAgentSample01S","policy":"E2Learner"},
            "Learner_e3":{"type":"External","model":"Fst_relpos","policy":"E3Learner"},
            "Learner_e4":{"type":"External","model":"Fst_relpos","policy":"E4Learner"},
            "Learner_e5":{"type":"External","model":"Fst_relpos","policy":"E5Learner"},
            "Learner_e6":{"type":"External","model":"Fst_relpos3","policy":"E6Learner"},
            "Learner_e7":{"type":"External","model":"Fst_relpos3","policy":"E7Learner"},
            "Expert_e":{"type":"ExpertBI","imitatorModel":"MyAgentSample01S","expertModel":"R7RandomInitial","identifier":"Traj"},
            "Learner":{"type":"broadcast","number":4,
                "element":{"type":"alias","alias":"Learner_e"}
            },
            "E1Learner":{"type":"broadcast","number":4,
                "element":{"type":"alias","alias":"Learner_e1"}
            },
            "E2Learner":{"type":"broadcast","number":4,
                "element":{"type":"alias","alias":"Learner_e2"}
            },
            "E3Learner":{"type":"broadcast","number":4,
                "element":{"type":"alias","alias":"Learner_e3"}
            },
            "E4Learner":{"type":"broadcast","number":4,
                "element":{"type":"alias","alias":"Learner_e4"}
            },
            "E5Learner":{"type":"broadcast","number":4,
                "element":{"type":"alias","alias":"Learner_e5"}
            },
            "E6Learner":{"type":"broadcast","number":4,
                "element":{"type":"alias","alias":"Learner_e6"}
            },
            "E7Learner":{"type":"broadcast","number":4,
                "element":{"type":"alias","alias":"Learner_e7"}
            },
            "Initial":{"type":"broadcast","number":4,
                "element":{"type":"alias","alias":"Initial_e"}
            },
            "Expert":{"type":"broadcast","number":4,
                "element":{"type":"alias","alias":"Expert_e"}
            },
            "BlueAgents":{
                "type":"alias","alias":"Learner",
                "overrider":[
                    {"type":"group","order":"fixed","elements":[
                        {"type":"direct","value":{"name":"Blue1"}},
                        {"type":"direct","value":{"name":"Blue2"}},
                        {"type":"direct","value":{"name":"Blue3"}},
                        {"type":"direct","value":{"name":"Blue4"}}
                    ]}
                ]
            },
            "RedAgents":{
                "type":"alias","alias":"Initial",
                "overrider":[
                    {"type":"group","order":"fixed","elements":[
                        {"type":"direct","value":{"name":"Red1"}},
                        {"type":"direct","value":{"name":"Red2"}},
                        {"type":"direct","value":{"name":"Red3"}},
                        {"type":"direct","value":{"name":"Red4"}}
                    ]}
                ]
            }
        }
    }
}
