{"Factory":{
    "Controller":{
        "BlueHumanIntervention1":{
            "model":"R7ContestModels.R7ContestHumanIntervention"
        },
        "BlueHumanIntervention2":{
            "model":"R7ContestModels.R7ContestHumanIntervention"
        },
        "BlueHumanIntervention3":{
            "model":"R7ContestModels.R7ContestHumanIntervention"
        },
        "BlueHumanIntervention4":{
            "model":"R7ContestModels.R7ContestHumanIntervention"
        },
        "RedHumanIntervention1":{
            "model":"R7ContestModels.R7ContestHumanIntervention"
        },
        "RedHumanIntervention2":{
            "model":"R7ContestModels.R7ContestHumanIntervention"
        },
        "RedHumanIntervention3":{
            "model":"R7ContestModels.R7ContestHumanIntervention"
        },
        "RedHumanIntervention4":{
            "model":"R7ContestModels.R7ContestHumanIntervention"
        }
    },
    "PhysicalAsset":{
        "BlueFighter1":{
            "model":"R7ContestModels.R7ContestOpenFighter",
            "config":{
                "pilot":{
                    "model":"BlueHumanIntervention1"
                },
                "sensor":{
                    "radar":"BlueAircraftRadar1"
                },
                "weapon":{
                    "missile":"BlueMissile1"
                }
            }
        },
        "BlueFighter2":{
            "model":"R7ContestModels.R7ContestOpenFighter",
            "config":{
                "pilot":{
                    "model":"BlueHumanIntervention2"
                },
                "sensor":{
                    "radar":"BlueAircraftRadar2"
                },
                "weapon":{
                    "missile":"BlueMissile2"
                }
            }
        },
        "BlueFighter3":{
            "model":"R7ContestModels.R7ContestOpenFighter",
            "config":{
                "pilot":{
                    "model":"BlueHumanIntervention3"
                },
                "sensor":{
                    "radar":"BlueAircraftRadar3"
                },
                "weapon":{
                    "missile":"BlueMissile3"
                }
            }
        },
        "BlueFighter4":{
            "model":"R7ContestModels.R7ContestOpenFighter",
            "config":{
                "pilot":{
                    "model":"BlueHumanIntervention4"
                },
                "sensor":{
                    "radar":"BlueAircraftRadar4"
                },
                "weapon":{
                    "missile":"BlueMissile4"
                }
            }
        },
        "RedFighter1":{
            "model":"R7ContestModels.R7ContestOpenFighter",
            "config":{
                "pilot":{
                    "model":"RedHumanIntervention1"
                },
                "sensor":{
                    "radar":"RedAircraftRadar1"
                },
                "weapon":{
                    "missile":"RedMissile1"
                }
            }
        },
        "RedFighter2":{
            "model":"R7ContestModels.R7ContestOpenFighter",
            "config":{
                "pilot":{
                    "model":"RedHumanIntervention2"
                },
                "sensor":{
                    "radar":"RedAircraftRadar2"
                },
                "weapon":{
                    "missile":"RedMissile2"
                }
            }
        },
        "RedFighter3":{
            "model":"R7ContestModels.R7ContestOpenFighter",
            "config":{
                "pilot":{
                    "model":"RedHumanIntervention3"
                },
                "sensor":{
                    "radar":"RedAircraftRadar3"
                },
                "weapon":{
                    "missile":"RedMissile3"
                }
            }
        },
        "RedFighter4":{
            "model":"R7ContestModels.R7ContestOpenFighter",
            "config":{
                "pilot":{
                    "model":"RedHumanIntervention4"
                },
                "sensor":{
                    "radar":"RedAircraftRadar4"
                },
                "weapon":{
                    "missile":"RedMissile4"
                }
            }
        },
        "BlueMissile1":{
            "model":"R7ContestModels.R7ContestOpenMissile"
        },
        "BlueMissile2":{
            "model":"R7ContestModels.R7ContestOpenMissile"
        },
        "BlueMissile3":{
            "model":"R7ContestModels.R7ContestOpenMissile"
        },
        "BlueMissile4":{
            "model":"R7ContestModels.R7ContestOpenMissile"
        },
        "RedMissile1":{
            "model":"R7ContestModels.R7ContestOpenMissile"
        },
        "RedMissile2":{
            "model":"R7ContestModels.R7ContestOpenMissile"
        },
        "RedMissile3":{
            "model":"R7ContestModels.R7ContestOpenMissile"
        },
        "RedMissile4":{
            "model":"R7ContestModels.R7ContestOpenMissile"
        },
        "BlueAircraftRadar1":{
            "model":"R7ContestModels.R7ContestOpenAircraftRadar"
        },
        "BlueAircraftRadar2":{
            "model":"R7ContestModels.R7ContestOpenAircraftRadar"
        },
        "BlueAircraftRadar3":{
            "model":"R7ContestModels.R7ContestOpenAircraftRadar"
        },
        "BlueAircraftRadar4":{
            "model":"R7ContestModels.R7ContestOpenAircraftRadar"
        },
        "RedAircraftRadar1":{
            "model":"R7ContestModels.R7ContestOpenAircraftRadar"
        },
        "RedAircraftRadar2":{
            "model":"R7ContestModels.R7ContestOpenAircraftRadar"
        },
        "RedAircraftRadar3":{
            "model":"R7ContestModels.R7ContestOpenAircraftRadar"
        },
        "RedAircraftRadar4":{
            "model":"R7ContestModels.R7ContestOpenAircraftRadar"
        }
    }
}}
